states,x1,x2
a,1.5843965,-1.46328
u,-0.51332325,-0.6934175
o,1.0450652,-0.9484918
w,-1.3379521,0.030217363
k,0.4999174,0.709385
t,-0.26674956,1.4796156
Q,-1.0113542,0.88597125
